impact_id,tap_id,tap_type_id,tap_class,month,impact_type,magnitude,observed_at,est_minutes_saved
IMP000001,TAP000001,denial_reason_classification,tactical,2026-02,rework_avoided,6,2026-02-08T16:04:00,14
IMP000002,TAP000002,denial_reason_classification,tactical,2026-02,downstream_models_corrected,4,2026-02-03T10:06:00,14
IMP000003,TAP000003,denial_reason_classification,tactical,2026-02,rework_avoided,2,2026-02-12T14:52:00,14
IMP000004,TAP000004,denial_reason_classification,tactical,2026-02,rework_avoided,1,2026-02-22T12:12:00,14
IMP000005,TAP000005,denial_reason_classification,tactical,2026-02,downstream_models_corrected,3,2026-02-02T16:23:00,14
IMP000006,TAP000006,denial_reason_classification,tactical,2026-02,rework_avoided,3,2026-02-04T14:54:00,14
IMP000007,TAP000010,denial_reason_classification,tactical,2026-02,downstream_models_corrected,2,2026-02-14T13:22:00,14
IMP000008,TAP000011,denial_reason_classification,tactical,2026-02,rework_avoided,1,2026-02-27T17:58:00,14
IMP000009,TAP000012,denial_reason_classification,tactical,2026-02,rework_avoided,3,2026-02-01T15:06:00,14
IMP000010,TAP000013,denial_reason_classification,tactical,2026-02,rework_avoided,6,2026-02-26T18:48:00,14
IMP000011,TAP000014,denial_reason_classification,tactical,2026-02,rework_avoided,3,2026-02-16T15:20:00,14
IMP000012,TAP000015,denial_reason_classification,tactical,2026-02,downstream_models_corrected,3,2026-02-28T16:02:00,14
IMP000013,TAP000016,denial_reason_classification,tactical,2026-02,rework_avoided,2,2026-02-04T13:24:00,14
IMP000014,TAP000018,denial_reason_classification,tactical,2026-02,rework_avoided,2,2026-02-17T12:02:00,14
IMP000015,TAP000020,denial_reason_classification,tactical,2026-02,rework_avoided,2,2026-02-18T19:48:00,14
IMP000016,TAP000022,denial_reason_classification,tactical,2026-02,rework_avoided,1,2026-02-07T17:42:00,14
IMP000017,TAP000023,denial_reason_classification,tactical,2026-02,rework_avoided,2,2026-02-06T15:36:00,14
IMP000018,TAP000025,denial_reason_classification,tactical,2026-02,inconsistency_prevented,3,2026-02-05T15:13:00,14
IMP000019,TAP000027,denial_reason_classification,tactical,2026-02,rework_avoided,6,2026-02-19T10:00:00,14
IMP000020,TAP000029,denial_reason_classification,tactical,2026-02,rework_avoided,1,2026-02-05T17:03:00,14
IMP000021,TAP000030,denial_reason_classification,tactical,2026-02,rework_avoided,3,2026-02-15T16:56:00,14
IMP000022,TAP000031,denial_reason_classification,tactical,2026-02,inconsistency_prevented,5,2026-02-12T13:03:00,14
IMP000023,TAP000032,denial_reason_classification,tactical,2026-02,rework_avoided,1,2026-02-22T17:28:00,14
IMP000024,TAP000036,denial_reason_classification,tactical,2026-02,downstream_models_corrected,2,2026-02-05T18:05:00,14
IMP000025,TAP000037,denial_reason_classification,tactical,2026-02,rework_avoided,6,2026-02-06T09:56:00,14
IMP000026,TAP000038,denial_reason_classification,tactical,2026-02,rework_avoided,1,2026-02-26T18:10:00,14
IMP000027,TAP000039,denial_reason_classification,tactical,2026-02,rework_avoided,1,2026-02-25T19:08:00,14
IMP000028,TAP000040,denial_reason_classification,tactical,2026-02,rework_avoided,5,2026-02-05T13:45:00,14
IMP000029,TAP000047,charge_capture_variance,tactical,2026-02,inconsistency_prevented,2,2026-02-14T19:07:00,11
IMP000030,TAP000049,charge_capture_variance,tactical,2026-02,inconsistency_prevented,1,2026-02-03T14:23:00,11
IMP000031,TAP000050,charge_capture_variance,tactical,2026-02,rework_avoided,3,2026-02-17T14:07:00,11
IMP000032,TAP000058,charge_capture_variance,tactical,2026-02,rework_avoided,6,2026-02-19T14:13:00,11
IMP000033,TAP000059,charge_capture_variance,tactical,2026-02,rework_avoided,6,2026-02-20T03:46:00,11
IMP000034,TAP000061,charge_capture_variance,tactical,2026-02,downstream_models_corrected,2,2026-02-24T23:07:00,11
IMP000035,TAP000065,charge_capture_variance,tactical,2026-02,rework_avoided,4,2026-02-09T13:51:00,11
IMP000036,TAP000066,charge_capture_variance,tactical,2026-02,rework_avoided,2,2026-02-07T22:09:00,11
IMP000037,TAP000070,charge_capture_variance,tactical,2026-02,inconsistency_prevented,6,2026-02-18T19:17:00,11
IMP000038,TAP000072,charge_capture_variance,tactical,2026-02,rework_avoided,2,2026-02-15T22:38:00,11
IMP000039,TAP000073,charge_capture_variance,tactical,2026-02,rework_avoided,2,2026-02-07T10:50:00,11
IMP000040,TAP000074,charge_capture_variance,tactical,2026-02,inconsistency_prevented,2,2026-03-01T10:31:00,11
IMP000041,TAP000085,charge_capture_variance,tactical,2026-02,inconsistency_prevented,2,2026-02-04T00:21:00,11
IMP000042,TAP000089,charge_capture_variance,tactical,2026-02,rework_avoided,6,2026-02-28T17:21:00,11
IMP000043,TAP000090,charge_capture_variance,tactical,2026-02,rework_avoided,1,2026-02-25T19:24:00,11
IMP000044,TAP000093,denial_reason_classification,tactical,2026-03,downstream_models_corrected,4,2026-03-06T09:05:00,14
IMP000045,TAP000096,denial_reason_classification,tactical,2026-03,rework_avoided,5,2026-03-13T19:25:00,14
IMP000046,TAP000097,denial_reason_classification,tactical,2026-03,rework_avoided,1,2026-03-15T17:50:00,14
IMP000047,TAP000098,denial_reason_classification,tactical,2026-03,rework_avoided,5,2026-03-20T10:13:00,14
IMP000048,TAP000100,denial_reason_classification,tactical,2026-03,downstream_models_corrected,1,2026-03-10T13:36:00,14
IMP000049,TAP000102,denial_reason_classification,tactical,2026-03,rework_avoided,2,2026-03-15T18:02:00,14
IMP000050,TAP000103,denial_reason_classification,tactical,2026-03,rework_avoided,4,2026-03-24T18:04:00,14
IMP000051,TAP000104,denial_reason_classification,tactical,2026-03,rework_avoided,1,2026-03-20T15:19:00,14
IMP000052,TAP000105,denial_reason_classification,tactical,2026-03,rework_avoided,3,2026-03-09T15:46:00,14
IMP000053,TAP000106,denial_reason_classification,tactical,2026-03,inconsistency_prevented,1,2026-03-08T10:18:00,14
IMP000054,TAP000107,denial_reason_classification,tactical,2026-03,rework_avoided,5,2026-03-17T15:07:00,14
IMP000055,TAP000108,denial_reason_classification,tactical,2026-03,inconsistency_prevented,3,2026-03-04T13:15:00,14
IMP000056,TAP000109,denial_reason_classification,tactical,2026-03,rework_avoided,1,2026-03-05T17:48:00,14
IMP000057,TAP000111,denial_reason_classification,tactical,2026-03,rework_avoided,3,2026-03-28T16:49:00,14
IMP000058,TAP000115,denial_reason_classification,tactical,2026-03,rework_avoided,4,2026-03-25T16:07:00,14
IMP000059,TAP000117,denial_reason_classification,tactical,2026-03,rework_avoided,4,2026-03-13T19:22:00,14
IMP000060,TAP000124,charge_capture_variance,tactical,2026-03,rework_avoided,5,2026-03-08T21:26:00,11
IMP000061,TAP000130,charge_capture_variance,tactical,2026-03,rework_avoided,2,2026-03-12T23:31:00,11
IMP000062,TAP000131,charge_capture_variance,tactical,2026-03,rework_avoided,3,2026-03-03T09:32:00,11
IMP000063,TAP000133,charge_capture_variance,tactical,2026-03,downstream_models_corrected,4,2026-03-16T19:09:00,11
IMP000064,TAP000135,charge_capture_variance,tactical,2026-03,rework_avoided,5,2026-03-19T02:23:00,11
IMP000065,TAP000137,charge_capture_variance,tactical,2026-03,rework_avoided,6,2026-03-26T14:18:00,11
IMP000066,TAP000138,charge_capture_variance,tactical,2026-03,rework_avoided,4,2026-03-22T15:41:00,11
IMP000067,TAP000144,charge_capture_variance,tactical,2026-03,rework_avoided,1,2026-03-06T20:59:00,11
IMP000068,TAP000159,charge_capture_variance,tactical,2026-03,rework_avoided,2,2026-03-17T18:14:00,11
IMP000069,TAP000161,encounter_type_mapping,tactical,2026-03,rework_avoided,1,2026-03-16T13:55:00,26
IMP000070,TAP000162,encounter_type_mapping,tactical,2026-03,rework_avoided,1,2026-03-16T18:46:00,26
IMP000071,TAP000164,encounter_type_mapping,tactical,2026-03,downstream_models_corrected,4,2026-03-30T12:59:00,26
IMP000072,TAP000166,encounter_type_mapping,tactical,2026-03,inconsistency_prevented,5,2026-03-06T14:36:00,26
IMP000073,TAP000167,encounter_type_mapping,tactical,2026-03,rework_avoided,2,2026-03-16T16:01:00,26
IMP000074,TAP000168,encounter_type_mapping,tactical,2026-03,rework_avoided,3,2026-03-06T20:26:00,26
IMP000075,TAP000169,encounter_type_mapping,tactical,2026-03,rework_avoided,4,2026-03-23T19:36:00,26
IMP000076,TAP000170,encounter_type_mapping,tactical,2026-03,inconsistency_prevented,1,2026-03-17T10:03:00,26
IMP000077,TAP000171,encounter_type_mapping,tactical,2026-03,rework_avoided,1,2026-03-20T13:51:00,26
IMP000078,TAP000173,encounter_type_mapping,tactical,2026-03,rework_avoided,4,2026-03-19T18:37:00,26
IMP000079,TAP000174,encounter_type_mapping,tactical,2026-03,rework_avoided,3,2026-03-01T18:44:00,26
IMP000080,TAP000175,encounter_type_mapping,tactical,2026-03,rework_avoided,4,2026-03-14T12:16:00,26
IMP000081,TAP000177,encounter_type_mapping,tactical,2026-03,rework_avoided,6,2026-03-22T17:17:00,26
IMP000082,TAP000178,encounter_type_mapping,tactical,2026-03,inconsistency_prevented,1,2026-03-22T17:34:00,26
IMP000083,TAP000180,denial_reason_classification,tactical,2026-04,rework_avoided,6,2026-04-02T09:09:00,14
IMP000084,TAP000181,denial_reason_classification,tactical,2026-04,rework_avoided,4,2026-04-04T16:29:00,14
IMP000085,TAP000182,denial_reason_classification,tactical,2026-04,rework_avoided,2,2026-04-08T15:40:00,14
IMP000086,TAP000183,denial_reason_classification,tactical,2026-04,rework_avoided,4,2026-04-29T13:00:00,14
IMP000087,TAP000185,denial_reason_classification,tactical,2026-04,inconsistency_prevented,6,2026-04-02T09:55:00,14
IMP000088,TAP000186,denial_reason_classification,tactical,2026-04,rework_avoided,2,2026-04-09T13:54:00,14
IMP000089,TAP000191,denial_reason_classification,tactical,2026-04,rework_avoided,4,2026-04-08T15:59:00,14
IMP000090,TAP000192,denial_reason_classification,tactical,2026-04,downstream_models_corrected,1,2026-04-10T16:26:00,14
IMP000091,TAP000193,denial_reason_classification,tactical,2026-04,inconsistency_prevented,2,2026-04-17T13:32:00,14
IMP000092,TAP000194,denial_reason_classification,tactical,2026-04,downstream_models_corrected,5,2026-04-27T14:42:00,14
IMP000093,TAP000196,encounter_type_mapping,tactical,2026-04,rework_avoided,4,2026-04-27T08:58:00,26
IMP000094,TAP000197,encounter_type_mapping,tactical,2026-04,rework_avoided,4,2026-04-15T15:35:00,26
IMP000095,TAP000198,encounter_type_mapping,tactical,2026-04,rework_avoided,3,2026-04-25T15:42:00,26
IMP000096,TAP000200,encounter_type_mapping,tactical,2026-04,rework_avoided,3,2026-04-21T12:52:00,26
IMP000097,TAP000204,phi_column_classification,tactical,2026-04,inconsistency_prevented,4,2026-04-10T06:14:00,34
IMP000098,TAP000205,phi_column_classification,tactical,2026-04,rework_avoided,2,2026-04-20T03:16:00,34
IMP000099,TAP000207,phi_column_classification,tactical,2026-04,rework_avoided,1,2026-04-30T22:39:00,34
IMP000100,TAP000210,phi_column_classification,tactical,2026-04,rework_avoided,2,2026-04-21T03:03:00,34
IMP000101,TAP000211,phi_column_classification,tactical,2026-04,inconsistency_prevented,1,2026-04-09T12:09:00,34
IMP000102,TAP000213,phi_column_classification,tactical,2026-04,rework_avoided,5,2026-04-03T11:37:00,34
IMP000103,TAP000214,phi_column_classification,tactical,2026-04,rework_avoided,2,2026-04-23T08:06:00,34
IMP000104,TAP000220,phi_column_classification,tactical,2026-04,rework_avoided,4,2026-04-14T16:45:00,34
IMP000105,TAP000221,phi_column_classification,tactical,2026-04,rework_avoided,4,2026-04-17T13:33:00,34
IMP000106,TAP000225,phi_column_classification,tactical,2026-04,rework_avoided,1,2026-04-06T18:24:00,34
IMP000107,TAP000232,phi_column_classification,tactical,2026-04,rework_avoided,1,2026-04-18T02:41:00,34
IMP000108,TAP000237,phi_column_classification,tactical,2026-04,downstream_models_corrected,5,2026-04-18T15:21:00,34
IMP000109,TAP000240,phi_column_classification,tactical,2026-04,rework_avoided,4,2026-04-30T05:35:00,34
IMP000110,TAP000241,phi_column_classification,tactical,2026-04,rework_avoided,6,2026-04-22T19:33:00,34
IMP000111,TAP000243,phi_column_classification,tactical,2026-04,rework_avoided,3,2026-04-16T01:15:00,34
IMP000112,TAP000244,phi_column_classification,tactical,2026-04,rework_avoided,1,2026-04-17T22:31:00,34
IMP000113,TAP000249,phi_column_classification,tactical,2026-04,rework_avoided,2,2026-04-26T05:50:00,34
IMP000114,TAP000254,phi_column_classification,tactical,2026-04,rework_avoided,2,2026-04-09T21:13:00,34
IMP000115,TAP000256,phi_column_classification,tactical,2026-04,rework_avoided,2,2026-04-04T07:27:00,34
IMP000116,TAP000258,phi_column_classification,tactical,2026-04,rework_avoided,5,2026-04-28T08:10:00,34
IMP000117,TAP000261,phi_column_classification,tactical,2026-04,rework_avoided,3,2026-04-28T10:19:00,34
IMP000118,TAP000264,phi_column_classification,tactical,2026-04,rework_avoided,1,2026-04-17T06:09:00,34
IMP000119,TAP000265,phi_column_classification,tactical,2026-04,rework_avoided,1,2026-04-08T20:49:00,34
IMP000120,TAP000276,phi_column_classification,tactical,2026-04,rework_avoided,1,2026-04-30T17:47:00,34
IMP000121,TAP000281,phi_column_classification,tactical,2026-04,rework_avoided,2,2026-04-26T21:10:00,34
IMP000122,TAP000286,phi_column_classification,tactical,2026-04,rework_avoided,6,2026-04-23T08:08:00,34
IMP000123,TAP000288,phi_column_classification,tactical,2026-04,rework_avoided,2,2026-04-06T02:50:00,34
IMP000124,TAP000297,phi_column_classification,tactical,2026-04,rework_avoided,1,2026-04-20T22:05:00,34
IMP000125,TAP000298,phi_column_classification,tactical,2026-04,inconsistency_prevented,1,2026-04-25T04:28:00,34
IMP000126,TAP000303,phi_column_classification,tactical,2026-04,rework_avoided,1,2026-04-21T01:05:00,34
IMP000127,TAP000304,phi_column_classification,tactical,2026-04,inconsistency_prevented,4,2026-04-21T00:02:00,34
IMP000128,TAP000308,phi_column_classification,tactical,2026-04,rework_avoided,6,2026-04-17T00:29:00,34
IMP000129,TAP000309,phi_column_classification,tactical,2026-04,rework_avoided,1,2026-04-25T12:02:00,34
IMP000130,TAP000311,phi_column_classification,tactical,2026-04,rework_avoided,4,2026-04-29T11:36:00,34
IMP000131,TAP000312,phi_column_classification,tactical,2026-04,inconsistency_prevented,1,2026-04-05T01:36:00,34
IMP000132,TAP000314,phi_column_classification,tactical,2026-04,rework_avoided,1,2026-04-05T12:23:00,34
IMP000133,TAP000315,phi_column_classification,tactical,2026-04,rework_avoided,3,2026-04-15T13:34:00,34
IMP000134,TAP000316,phi_column_classification,tactical,2026-04,rework_avoided,1,2026-04-16T23:13:00,34
IMP000135,TAP000318,phi_column_classification,tactical,2026-04,rework_avoided,5,2026-04-08T05:50:00,34
IMP000136,TAP000319,phi_column_classification,tactical,2026-04,rework_avoided,4,2026-04-19T13:10:00,34
IMP000137,TAP000320,phi_column_classification,tactical,2026-04,rework_avoided,6,2026-04-09T22:52:00,34
IMP000138,TAP000322,phi_column_classification,tactical,2026-04,inconsistency_prevented,6,2026-04-04T12:06:00,34
IMP000139,TAP000325,phi_column_classification,tactical,2026-04,inconsistency_prevented,1,2026-04-12T13:45:00,34
IMP000140,TAP000326,phi_column_classification,tactical,2026-04,rework_avoided,1,2026-04-07T15:36:00,34
IMP000141,TAP000327,phi_column_classification,tactical,2026-04,rework_avoided,3,2026-04-07T02:13:00,34
IMP000142,TAP000330,phi_column_classification,tactical,2026-04,rework_avoided,3,2026-04-24T02:46:00,34
IMP000143,TAP000331,phi_column_classification,tactical,2026-04,inconsistency_prevented,2,2026-04-22T09:47:00,34
IMP000144,TAP000333,phi_column_classification,tactical,2026-04,rework_avoided,4,2026-04-26T14:55:00,34
IMP000145,TAP000335,phi_column_classification,tactical,2026-04,rework_avoided,1,2026-04-09T22:01:00,34
IMP000146,TAP000338,phi_column_classification,tactical,2026-04,rework_avoided,3,2026-04-29T02:26:00,34
IMP000147,TAP000341,phi_column_classification,tactical,2026-04,rework_avoided,1,2026-04-23T01:38:00,34
IMP000148,TAP000342,phi_column_classification,tactical,2026-04,rework_avoided,4,2026-04-21T23:37:00,34
IMP000149,TAP000343,phi_column_classification,tactical,2026-04,inconsistency_prevented,1,2026-04-19T13:04:00,34
IMP000150,TAP000345,phi_column_classification,tactical,2026-04,rework_avoided,3,2026-04-05T17:57:00,34
IMP000151,TAP000346,phi_column_classification,tactical,2026-04,rework_avoided,3,2026-04-16T21:04:00,34
IMP000152,TAP000347,phi_column_classification,tactical,2026-04,rework_avoided,1,2026-04-08T04:01:00,34
IMP000153,TAP000350,phi_column_classification,tactical,2026-04,rework_avoided,3,2026-04-26T03:34:00,34
IMP000154,TAP000352,phi_column_classification,tactical,2026-04,rework_avoided,2,2026-04-20T14:12:00,34
IMP000155,TAP000353,phi_column_classification,tactical,2026-04,downstream_models_corrected,2,2026-04-02T10:13:00,34
IMP000156,TAP000357,phi_column_classification,tactical,2026-04,rework_avoided,1,2026-04-15T03:41:00,34
IMP000157,TAP000358,phi_column_classification,tactical,2026-04,rework_avoided,1,2026-04-18T13:24:00,34
IMP000158,TAP000359,phi_column_classification,tactical,2026-04,rework_avoided,3,2026-04-21T23:33:00,34
IMP000159,TAP000361,phi_column_classification,tactical,2026-04,rework_avoided,1,2026-04-18T20:17:00,34
IMP000160,TAP000363,phi_column_classification,tactical,2026-04,rework_avoided,6,2026-04-11T11:14:00,34
IMP000161,TAP000364,phi_column_classification,tactical,2026-04,inconsistency_prevented,4,2026-05-01T06:12:00,34
IMP000162,TAP000366,phi_column_classification,tactical,2026-04,rework_avoided,2,2026-04-12T14:26:00,34
IMP000163,TAP000367,phi_column_classification,tactical,2026-04,rework_avoided,2,2026-04-12T05:45:00,34
IMP000164,TAP000369,phi_column_classification,tactical,2026-04,rework_avoided,1,2026-04-13T01:42:00,34
IMP000165,TAP000370,phi_column_classification,tactical,2026-04,inconsistency_prevented,5,2026-04-20T05:55:00,34
IMP000166,TAP000371,revenue_definition_change,strategic,2026-04,downstream_models_corrected,18,2026-04-20T19:21:00,390
IMP000167,TAP000373,revenue_definition_change,strategic,2026-04,inconsistency_prevented,1,2026-04-27T00:14:00,390
IMP000168,TAP000374,revenue_definition_change,strategic,2026-04,inconsistency_prevented,1,2026-05-02T16:15:00,390
IMP000169,TAP000375,revenue_definition_change,strategic,2026-04,downstream_models_corrected,6,2026-04-06T19:45:00,390
IMP000170,TAP000376,denial_reason_classification,tactical,2026-05,rework_avoided,3,2026-05-27T11:54:00,14
IMP000171,TAP000377,denial_reason_classification,tactical,2026-05,rework_avoided,3,2026-05-25T09:29:00,14
IMP000172,TAP000378,denial_reason_classification,tactical,2026-05,rework_avoided,6,2026-05-28T14:06:00,14
IMP000173,TAP000379,denial_reason_classification,tactical,2026-05,rework_avoided,3,2026-05-01T18:15:00,14
IMP000174,TAP000380,denial_reason_classification,tactical,2026-05,rework_avoided,2,2026-05-05T12:29:00,14
IMP000175,TAP000381,denial_reason_classification,tactical,2026-05,rework_avoided,1,2026-05-07T16:22:00,14
IMP000176,TAP000386,denial_reason_classification,tactical,2026-05,rework_avoided,2,2026-05-11T13:11:00,14
IMP000177,TAP000387,denial_reason_classification,tactical,2026-05,rework_avoided,1,2026-05-02T15:55:00,14
IMP000178,TAP000390,encounter_type_mapping,tactical,2026-05,inconsistency_prevented,5,2026-05-16T16:28:00,26
IMP000179,TAP000392,encounter_type_mapping,tactical,2026-05,rework_avoided,2,2026-05-04T15:27:00,26
IMP000180,TAP000393,phi_column_classification,tactical,2026-05,rework_avoided,2,2026-05-04T15:15:00,34
IMP000181,TAP000397,phi_column_classification,tactical,2026-05,rework_avoided,6,2026-05-27T11:02:00,34
IMP000182,TAP000398,phi_column_classification,tactical,2026-05,rework_avoided,5,2026-05-30T18:56:00,34
IMP000183,TAP000399,phi_column_classification,tactical,2026-05,rework_avoided,2,2026-05-22T12:37:00,34
IMP000184,TAP000403,phi_column_classification,tactical,2026-05,rework_avoided,1,2026-05-14T07:29:00,34
IMP000185,TAP000405,phi_column_classification,tactical,2026-05,inconsistency_prevented,3,2026-05-29T12:44:00,34
IMP000186,TAP000407,phi_column_classification,tactical,2026-05,downstream_models_corrected,6,2026-05-21T06:24:00,34
IMP000187,TAP000409,phi_column_classification,tactical,2026-05,downstream_models_corrected,3,2026-05-24T19:06:00,34
IMP000188,TAP000410,phi_column_classification,tactical,2026-05,inconsistency_prevented,3,2026-05-24T06:39:00,34
IMP000189,TAP000413,phi_column_classification,tactical,2026-05,rework_avoided,2,2026-05-26T06:03:00,34
IMP000190,TAP000414,phi_column_classification,tactical,2026-05,rework_avoided,5,2026-05-25T08:37:00,34
IMP000191,TAP000416,phi_column_classification,tactical,2026-05,rework_avoided,1,2026-05-15T07:59:00,34
IMP000192,TAP000420,phi_column_classification,tactical,2026-05,rework_avoided,1,2026-05-07T23:50:00,34
IMP000193,TAP000423,phi_column_classification,tactical,2026-05,rework_avoided,1,2026-05-29T18:54:00,34
IMP000194,TAP000424,phi_column_classification,tactical,2026-05,rework_avoided,2,2026-06-01T20:30:00,34
IMP000195,TAP000427,phi_column_classification,tactical,2026-05,rework_avoided,2,2026-05-16T10:18:00,34
IMP000196,TAP000434,phi_column_classification,tactical,2026-05,rework_avoided,2,2026-05-12T07:51:00,34
IMP000197,TAP000435,phi_column_classification,tactical,2026-05,rework_avoided,3,2026-05-09T16:47:00,34
IMP000198,TAP000436,phi_column_classification,tactical,2026-05,rework_avoided,1,2026-05-16T03:22:00,34
IMP000199,TAP000437,phi_column_classification,tactical,2026-05,inconsistency_prevented,5,2026-05-16T04:07:00,34
IMP000200,TAP000438,phi_column_classification,tactical,2026-05,rework_avoided,6,2026-05-23T01:12:00,34
IMP000201,TAP000439,phi_column_classification,tactical,2026-05,rework_avoided,3,2026-05-15T17:38:00,34
IMP000202,TAP000443,phi_column_classification,tactical,2026-05,inconsistency_prevented,1,2026-05-09T10:46:00,34
IMP000203,TAP000444,phi_column_classification,tactical,2026-05,inconsistency_prevented,3,2026-05-15T16:54:00,34
IMP000204,TAP000445,phi_column_classification,tactical,2026-05,rework_avoided,3,2026-05-16T06:58:00,34
IMP000205,TAP000447,phi_column_classification,tactical,2026-05,inconsistency_prevented,5,2026-05-30T09:29:00,34
IMP000206,TAP000448,phi_column_classification,tactical,2026-05,rework_avoided,3,2026-05-23T16:48:00,34
IMP000207,TAP000449,phi_column_classification,tactical,2026-05,rework_avoided,1,2026-05-16T22:10:00,34
IMP000208,TAP000451,phi_column_classification,tactical,2026-05,downstream_models_corrected,1,2026-05-04T07:31:00,34
IMP000209,TAP000459,phi_column_classification,tactical,2026-05,rework_avoided,4,2026-05-15T17:59:00,34
IMP000210,TAP000463,phi_column_classification,tactical,2026-05,inconsistency_prevented,6,2026-05-20T11:27:00,34
IMP000211,TAP000464,phi_column_classification,tactical,2026-05,inconsistency_prevented,3,2026-05-04T15:39:00,34
IMP000212,TAP000465,phi_column_classification,tactical,2026-05,rework_avoided,2,2026-05-27T16:00:00,34
IMP000213,TAP000466,phi_column_classification,tactical,2026-05,rework_avoided,4,2026-05-11T14:12:00,34
IMP000214,TAP000467,phi_column_classification,tactical,2026-05,downstream_models_corrected,3,2026-05-17T18:57:00,34
IMP000215,TAP000471,phi_column_classification,tactical,2026-05,downstream_models_corrected,6,2026-05-27T04:26:00,34
IMP000216,TAP000474,phi_column_classification,tactical,2026-05,rework_avoided,1,2026-05-03T17:58:00,34
IMP000217,TAP000479,phi_column_classification,tactical,2026-05,rework_avoided,1,2026-05-10T05:57:00,34
IMP000218,TAP000481,phi_column_classification,tactical,2026-05,rework_avoided,2,2026-05-22T15:08:00,34
IMP000219,TAP000484,phi_column_classification,tactical,2026-05,rework_avoided,2,2026-06-01T23:47:00,34
IMP000220,TAP000487,phi_column_classification,tactical,2026-05,rework_avoided,2,2026-05-15T00:21:00,34
IMP000221,TAP000489,phi_column_classification,tactical,2026-05,rework_avoided,2,2026-05-12T14:40:00,34
IMP000222,TAP000490,phi_column_classification,tactical,2026-05,rework_avoided,1,2026-05-04T17:39:00,34
IMP000223,TAP000492,phi_column_classification,tactical,2026-05,rework_avoided,3,2026-05-29T14:25:00,34
IMP000224,TAP000494,phi_column_classification,tactical,2026-05,rework_avoided,1,2026-05-25T01:38:00,34
IMP000225,TAP000495,phi_column_classification,tactical,2026-05,rework_avoided,1,2026-05-16T22:54:00,34
IMP000226,TAP000497,phi_column_classification,tactical,2026-05,rework_avoided,1,2026-05-06T09:37:00,34
IMP000227,TAP000499,phi_column_classification,tactical,2026-05,rework_avoided,1,2026-05-26T08:31:00,34
IMP000228,TAP000504,phi_column_classification,tactical,2026-05,rework_avoided,1,2026-05-23T23:03:00,34
IMP000229,TAP000505,phi_column_classification,tactical,2026-05,inconsistency_prevented,1,2026-05-09T17:30:00,34
IMP000230,TAP000506,phi_column_classification,tactical,2026-05,rework_avoided,3,2026-05-20T22:01:00,34
IMP000231,TAP000511,phi_column_classification,tactical,2026-05,rework_avoided,3,2026-05-17T19:05:00,34
IMP000232,TAP000512,phi_column_classification,tactical,2026-05,rework_avoided,3,2026-05-10T22:47:00,34
IMP000233,TAP000514,phi_column_classification,tactical,2026-05,rework_avoided,2,2026-05-19T08:49:00,34
IMP000234,TAP000515,phi_column_classification,tactical,2026-05,rework_avoided,5,2026-05-13T05:01:00,34
IMP000235,TAP000517,phi_column_classification,tactical,2026-05,rework_avoided,4,2026-05-26T19:23:00,34
IMP000236,TAP000518,phi_column_classification,tactical,2026-05,rework_avoided,2,2026-05-15T03:12:00,34
IMP000237,TAP000521,phi_column_classification,tactical,2026-05,rework_avoided,3,2026-05-27T18:24:00,34
IMP000238,TAP000524,phi_column_classification,tactical,2026-05,rework_avoided,5,2026-05-26T07:32:00,34
IMP000239,TAP000528,phi_column_classification,tactical,2026-05,inconsistency_prevented,5,2026-05-06T09:14:00,34
IMP000240,TAP000532,phi_column_classification,tactical,2026-05,rework_avoided,3,2026-05-22T12:50:00,34
IMP000241,TAP000533,phi_column_classification,tactical,2026-05,inconsistency_prevented,3,2026-05-26T15:01:00,34
IMP000242,TAP000540,phi_column_classification,tactical,2026-05,inconsistency_prevented,3,2026-05-06T09:18:00,34
IMP000243,TAP000543,phi_column_classification,tactical,2026-05,rework_avoided,3,2026-05-20T22:54:00,34
IMP000244,TAP000547,phi_column_classification,tactical,2026-05,rework_avoided,3,2026-05-10T07:11:00,34
IMP000245,TAP000548,phi_column_classification,tactical,2026-05,rework_avoided,1,2026-05-06T20:31:00,34
IMP000246,TAP000551,phi_column_classification,tactical,2026-05,rework_avoided,1,2026-05-27T16:55:00,34
IMP000247,TAP000552,phi_column_classification,tactical,2026-05,rework_avoided,3,2026-05-23T16:24:00,34
IMP000248,TAP000553,phi_column_classification,tactical,2026-05,rework_avoided,1,2026-05-04T14:51:00,34
IMP000249,TAP000555,phi_column_classification,tactical,2026-05,rework_avoided,3,2026-05-24T15:04:00,34
IMP000250,TAP000556,phi_column_classification,tactical,2026-05,downstream_models_corrected,6,2026-05-20T12:47:00,34
IMP000251,TAP000559,phi_column_classification,tactical,2026-05,rework_avoided,4,2026-05-28T00:31:00,34
IMP000252,TAP000564,phi_column_classification,tactical,2026-05,rework_avoided,4,2026-05-31T13:02:00,34
IMP000253,TAP000565,revenue_definition_change,strategic,2026-05,inconsistency_prevented,26,2026-05-21T11:04:00,390
IMP000254,TAP000566,revenue_definition_change,strategic,2026-05,inconsistency_prevented,2,2026-05-29T17:36:00,390
IMP000255,TAP000567,revenue_definition_change,strategic,2026-05,incident_avoided,6,2026-05-13T21:14:00,390
IMP000256,TAP000568,revenue_definition_change,strategic,2026-05,inconsistency_prevented,6,2026-05-15T21:28:00,390
IMP000257,TAP000570,revenue_definition_change,strategic,2026-05,downstream_models_corrected,11,2026-06-01T18:52:00,390
IMP000258,TAP000572,quality_measure_criteria,strategic,2026-05,incident_avoided,3,2026-05-13T04:14:00,300
IMP000259,TAP000574,quality_measure_criteria,strategic,2026-05,downstream_models_corrected,34,2026-05-18T12:43:00,300
IMP000260,TAP000576,denial_reason_classification,tactical,2026-06,rework_avoided,1,2026-06-13T11:56:00,14
IMP000261,TAP000578,denial_reason_classification,tactical,2026-06,rework_avoided,3,2026-06-17T13:57:00,14
IMP000262,TAP000580,denial_reason_classification,tactical,2026-06,downstream_models_corrected,5,2026-06-28T15:54:00,14
IMP000263,TAP000582,denial_reason_classification,tactical,2026-06,rework_avoided,3,2026-06-28T13:23:00,14
IMP000264,TAP000585,denial_reason_classification,tactical,2026-06,downstream_models_corrected,6,2026-06-20T15:06:00,14
IMP000265,TAP000586,encounter_type_mapping,tactical,2026-06,rework_avoided,3,2026-06-24T16:09:00,26
IMP000266,TAP000587,encounter_type_mapping,tactical,2026-06,rework_avoided,1,2026-06-12T13:43:00,26
IMP000267,TAP000588,encounter_type_mapping,tactical,2026-06,rework_avoided,3,2026-06-29T15:31:00,26
IMP000268,TAP000589,encounter_type_mapping,tactical,2026-06,rework_avoided,6,2026-06-09T17:07:00,26
IMP000269,TAP000596,phi_column_classification,tactical,2026-06,rework_avoided,2,2026-06-25T05:30:00,34
IMP000270,TAP000604,phi_column_classification,tactical,2026-06,rework_avoided,1,2026-06-05T22:49:00,34
IMP000271,TAP000605,phi_column_classification,tactical,2026-06,inconsistency_prevented,2,2026-06-16T14:43:00,34
IMP000272,TAP000610,phi_column_classification,tactical,2026-06,downstream_models_corrected,2,2026-06-19T01:17:00,34
IMP000273,TAP000611,phi_column_classification,tactical,2026-06,rework_avoided,1,2026-06-03T05:15:00,34
IMP000274,TAP000613,phi_column_classification,tactical,2026-06,rework_avoided,1,2026-06-10T08:46:00,34
IMP000275,TAP000614,phi_column_classification,tactical,2026-06,rework_avoided,3,2026-06-30T14:32:00,34
IMP000276,TAP000615,phi_column_classification,tactical,2026-06,downstream_models_corrected,1,2026-06-30T12:14:00,34
IMP000277,TAP000620,phi_column_classification,tactical,2026-06,inconsistency_prevented,1,2026-06-26T01:39:00,34
IMP000278,TAP000621,phi_column_classification,tactical,2026-06,inconsistency_prevented,1,2026-06-29T00:34:00,34
IMP000279,TAP000622,phi_column_classification,tactical,2026-06,rework_avoided,1,2026-06-27T02:10:00,34
IMP000280,TAP000629,phi_column_classification,tactical,2026-06,rework_avoided,3,2026-06-21T10:26:00,34
IMP000281,TAP000631,phi_column_classification,tactical,2026-06,rework_avoided,3,2026-06-02T23:28:00,34
IMP000282,TAP000636,phi_column_classification,tactical,2026-06,rework_avoided,4,2026-06-09T08:37:00,34
IMP000283,TAP000639,phi_column_classification,tactical,2026-06,inconsistency_prevented,3,2026-06-19T00:54:00,34
IMP000284,TAP000640,phi_column_classification,tactical,2026-06,rework_avoided,2,2026-06-21T08:37:00,34
IMP000285,TAP000642,phi_column_classification,tactical,2026-06,rework_avoided,2,2026-06-24T21:17:00,34
IMP000286,TAP000644,phi_column_classification,tactical,2026-06,rework_avoided,1,2026-06-26T21:17:00,34
IMP000287,TAP000645,phi_column_classification,tactical,2026-06,rework_avoided,3,2026-06-17T18:12:00,34
IMP000288,TAP000647,phi_column_classification,tactical,2026-06,rework_avoided,4,2026-06-06T10:09:00,34
IMP000289,TAP000650,phi_column_classification,tactical,2026-06,rework_avoided,3,2026-06-21T11:24:00,34
IMP000290,TAP000651,phi_column_classification,tactical,2026-06,downstream_models_corrected,6,2026-06-19T07:50:00,34
IMP000291,TAP000652,phi_column_classification,tactical,2026-06,rework_avoided,3,2026-06-18T00:42:00,34
IMP000292,TAP000655,phi_column_classification,tactical,2026-06,rework_avoided,5,2026-06-19T03:34:00,34
IMP000293,TAP000656,phi_column_classification,tactical,2026-06,rework_avoided,1,2026-06-05T23:30:00,34
IMP000294,TAP000658,phi_column_classification,tactical,2026-06,rework_avoided,3,2026-06-21T08:55:00,34
IMP000295,TAP000659,phi_column_classification,tactical,2026-06,inconsistency_prevented,2,2026-06-02T22:05:00,34
IMP000296,TAP000662,phi_column_classification,tactical,2026-06,rework_avoided,2,2026-06-10T10:09:00,34
IMP000297,TAP000664,phi_column_classification,tactical,2026-06,rework_avoided,2,2026-06-04T03:01:00,34
IMP000298,TAP000665,phi_column_classification,tactical,2026-06,rework_avoided,1,2026-06-26T13:59:00,34
IMP000299,TAP000666,phi_column_classification,tactical,2026-06,rework_avoided,1,2026-06-25T11:40:00,34
IMP000300,TAP000671,phi_column_classification,tactical,2026-06,rework_avoided,2,2026-06-04T18:18:00,34
IMP000301,TAP000674,phi_column_classification,tactical,2026-06,rework_avoided,3,2026-06-20T07:44:00,34
IMP000302,TAP000678,phi_column_classification,tactical,2026-06,rework_avoided,2,2026-06-24T06:44:00,34
IMP000303,TAP000681,phi_column_classification,tactical,2026-06,inconsistency_prevented,3,2026-06-15T23:05:00,34
IMP000304,TAP000685,phi_column_classification,tactical,2026-06,rework_avoided,4,2026-06-13T17:01:00,34
IMP000305,TAP000687,phi_column_classification,tactical,2026-06,rework_avoided,1,2026-06-09T20:05:00,34
IMP000306,TAP000689,phi_column_classification,tactical,2026-06,rework_avoided,1,2026-06-16T22:50:00,34
IMP000307,TAP000691,phi_column_classification,tactical,2026-06,rework_avoided,4,2026-06-07T19:18:00,34
IMP000308,TAP000695,phi_column_classification,tactical,2026-06,rework_avoided,2,2026-06-22T23:28:00,34
IMP000309,TAP000700,phi_column_classification,tactical,2026-06,rework_avoided,3,2026-06-21T10:49:00,34
IMP000310,TAP000702,phi_column_classification,tactical,2026-06,rework_avoided,1,2026-06-23T20:56:00,34
IMP000311,TAP000703,phi_column_classification,tactical,2026-06,rework_avoided,6,2026-06-06T04:05:00,34
IMP000312,TAP000704,phi_column_classification,tactical,2026-06,rework_avoided,5,2026-06-08T01:21:00,34
IMP000313,TAP000707,phi_column_classification,tactical,2026-06,rework_avoided,3,2026-06-12T14:45:00,34
IMP000314,TAP000709,phi_column_classification,tactical,2026-06,rework_avoided,2,2026-06-12T15:57:00,34
IMP000315,TAP000711,phi_column_classification,tactical,2026-06,rework_avoided,6,2026-06-03T00:08:00,34
IMP000316,TAP000712,phi_column_classification,tactical,2026-06,rework_avoided,2,2026-06-12T02:57:00,34
IMP000317,TAP000715,phi_column_classification,tactical,2026-06,rework_avoided,3,2026-06-06T15:20:00,34
IMP000318,TAP000717,phi_column_classification,tactical,2026-06,rework_avoided,2,2026-06-11T10:58:00,34
IMP000319,TAP000720,phi_column_classification,tactical,2026-06,rework_avoided,2,2026-06-04T22:04:00,34
IMP000320,TAP000722,phi_column_classification,tactical,2026-06,inconsistency_prevented,2,2026-06-30T02:41:00,34
IMP000321,TAP000725,phi_column_classification,tactical,2026-06,inconsistency_prevented,1,2026-06-08T03:20:00,34
IMP000322,TAP000727,phi_column_classification,tactical,2026-06,downstream_models_corrected,3,2026-06-22T04:03:00,34
IMP000323,TAP000731,phi_column_classification,tactical,2026-06,rework_avoided,1,2026-06-08T22:22:00,34
IMP000324,TAP000733,phi_column_classification,tactical,2026-06,rework_avoided,1,2026-06-08T19:44:00,34
IMP000325,TAP000734,phi_column_classification,tactical,2026-06,rework_avoided,4,2026-06-14T14:36:00,34
IMP000326,TAP000735,phi_column_classification,tactical,2026-06,rework_avoided,1,2026-06-06T08:07:00,34
IMP000327,TAP000737,phi_column_classification,tactical,2026-06,rework_avoided,6,2026-06-21T07:04:00,34
IMP000328,TAP000738,phi_column_classification,tactical,2026-06,rework_avoided,3,2026-06-26T21:50:00,34
IMP000329,TAP000739,phi_column_classification,tactical,2026-06,rework_avoided,1,2026-06-20T06:03:00,34
IMP000330,TAP000741,phi_column_classification,tactical,2026-06,rework_avoided,1,2026-06-22T21:01:00,34
IMP000331,TAP000742,phi_column_classification,tactical,2026-06,rework_avoided,3,2026-06-12T16:54:00,34
IMP000332,TAP000743,phi_column_classification,tactical,2026-06,rework_avoided,1,2026-06-28T23:32:00,34
IMP000333,TAP000745,phi_column_classification,tactical,2026-06,rework_avoided,1,2026-06-24T09:28:00,34
IMP000334,TAP000748,phi_column_classification,tactical,2026-06,rework_avoided,1,2026-06-03T09:55:00,34
IMP000335,TAP000749,phi_column_classification,tactical,2026-06,rework_avoided,4,2026-06-27T07:19:00,34
IMP000336,TAP000752,phi_column_classification,tactical,2026-06,rework_avoided,4,2026-06-21T11:19:00,34
IMP000337,TAP000753,phi_column_classification,tactical,2026-06,rework_avoided,2,2026-06-25T00:17:00,34
IMP000338,TAP000754,phi_column_classification,tactical,2026-06,rework_avoided,2,2026-06-18T10:47:00,34
IMP000339,TAP000755,phi_column_classification,tactical,2026-06,inconsistency_prevented,1,2026-06-26T05:17:00,34
IMP000340,TAP000757,phi_column_classification,tactical,2026-06,rework_avoided,1,2026-06-04T07:41:00,34
IMP000341,TAP000759,phi_column_classification,tactical,2026-06,rework_avoided,6,2026-06-07T18:50:00,34
IMP000342,TAP000761,phi_column_classification,tactical,2026-06,rework_avoided,1,2026-06-16T05:00:00,34
IMP000343,TAP000762,phi_column_classification,tactical,2026-06,rework_avoided,4,2026-06-25T22:14:00,34
IMP000344,TAP000763,phi_column_classification,tactical,2026-06,rework_avoided,3,2026-06-10T17:49:00,34
IMP000345,TAP000766,revenue_definition_change,strategic,2026-06,downstream_models_corrected,6,2026-06-29T19:47:00,390
IMP000346,TAP000767,revenue_definition_change,strategic,2026-06,downstream_models_corrected,11,2026-06-14T12:59:00,390
IMP000347,TAP000768,revenue_definition_change,strategic,2026-06,inconsistency_prevented,31,2026-06-08T12:00:00,390
IMP000348,TAP000770,revenue_definition_change,strategic,2026-06,inconsistency_prevented,4,2026-06-25T02:28:00,390
IMP000349,TAP000773,quality_measure_criteria,strategic,2026-06,downstream_models_corrected,19,2026-06-30T15:48:00,300
IMP000350,TAP000775,source_freshness_ownership,tactical,2026-06,rework_avoided,3,2026-06-01T14:42:00,48
IMP000351,TAP000778,source_freshness_ownership,tactical,2026-06,downstream_models_corrected,1,2026-06-10T04:08:00,48
IMP000352,TAP000779,source_freshness_ownership,tactical,2026-06,inconsistency_prevented,1,2026-06-17T20:18:00,48
IMP000353,TAP000784,metric_deprecation,strategic,2026-06,downstream_models_corrected,31,2026-06-22T00:40:00,95
IMP000354,TAP000785,metric_deprecation,strategic,2026-06,inconsistency_prevented,6,2026-06-26T01:14:00,95
IMP000355,TAP000788,metric_deprecation,strategic,2026-06,inconsistency_prevented,4,2026-06-22T10:14:00,95
IMP000356,TAP000789,metric_deprecation,strategic,2026-06,incident_avoided,8,2026-06-08T09:16:00,95
IMP000357,TAP000790,metric_deprecation,strategic,2026-06,inconsistency_prevented,4,2026-06-15T19:13:00,95
IMP000358,TAP000792,metric_deprecation,strategic,2026-06,inconsistency_prevented,4,2026-06-17T02:27:00,95
IMP000359,TAP000793,denial_reason_classification,tactical,2026-07,rework_avoided,4,2026-07-02T13:27:00,14
IMP000360,TAP000794,denial_reason_classification,tactical,2026-07,inconsistency_prevented,2,2026-07-12T14:22:00,14
IMP000361,TAP000796,denial_reason_classification,tactical,2026-07,rework_avoided,2,2026-07-05T17:52:00,14
IMP000362,TAP000798,denial_reason_classification,tactical,2026-07,rework_avoided,1,2026-07-25T12:23:00,14
IMP000363,TAP000799,denial_reason_classification,tactical,2026-07,rework_avoided,1,2026-07-07T11:36:00,14
IMP000364,TAP000802,encounter_type_mapping,tactical,2026-07,inconsistency_prevented,1,2026-07-30T15:18:00,26
IMP000365,TAP000803,encounter_type_mapping,tactical,2026-07,rework_avoided,2,2026-07-27T09:14:00,26
IMP000366,TAP000804,phi_column_classification,tactical,2026-07,rework_avoided,5,2026-07-30T14:49:00,34
IMP000367,TAP000805,phi_column_classification,tactical,2026-07,inconsistency_prevented,1,2026-07-31T19:35:00,34
IMP000368,TAP000806,phi_column_classification,tactical,2026-07,rework_avoided,2,2026-07-10T00:52:00,34
IMP000369,TAP000809,phi_column_classification,tactical,2026-07,rework_avoided,1,2026-07-12T05:36:00,34
IMP000370,TAP000812,phi_column_classification,tactical,2026-07,downstream_models_corrected,4,2026-07-28T17:40:00,34
IMP000371,TAP000813,phi_column_classification,tactical,2026-07,rework_avoided,3,2026-07-22T13:24:00,34
IMP000372,TAP000817,phi_column_classification,tactical,2026-07,rework_avoided,5,2026-07-11T07:05:00,34
IMP000373,TAP000818,phi_column_classification,tactical,2026-07,rework_avoided,1,2026-07-22T12:56:00,34
IMP000374,TAP000819,phi_column_classification,tactical,2026-07,rework_avoided,4,2026-07-19T19:09:00,34
IMP000375,TAP000822,phi_column_classification,tactical,2026-07,rework_avoided,4,2026-07-03T11:59:00,34
IMP000376,TAP000823,phi_column_classification,tactical,2026-07,inconsistency_prevented,5,2026-07-22T00:53:00,34
IMP000377,TAP000827,phi_column_classification,tactical,2026-07,rework_avoided,1,2026-07-04T01:54:00,34
IMP000378,TAP000832,phi_column_classification,tactical,2026-07,inconsistency_prevented,4,2026-07-26T09:57:00,34
IMP000379,TAP000833,phi_column_classification,tactical,2026-07,rework_avoided,3,2026-07-15T02:08:00,34
IMP000380,TAP000836,phi_column_classification,tactical,2026-07,rework_avoided,3,2026-07-28T09:14:00,34
IMP000381,TAP000840,phi_column_classification,tactical,2026-07,rework_avoided,3,2026-07-10T22:35:00,34
IMP000382,TAP000843,phi_column_classification,tactical,2026-07,downstream_models_corrected,5,2026-07-17T05:53:00,34
IMP000383,TAP000848,phi_column_classification,tactical,2026-07,rework_avoided,2,2026-07-31T19:07:00,34
IMP000384,TAP000861,phi_column_classification,tactical,2026-07,rework_avoided,4,2026-07-10T08:29:00,34
IMP000385,TAP000862,phi_column_classification,tactical,2026-07,rework_avoided,1,2026-07-13T05:22:00,34
IMP000386,TAP000868,phi_column_classification,tactical,2026-07,rework_avoided,2,2026-07-13T06:31:00,34
IMP000387,TAP000869,phi_column_classification,tactical,2026-07,inconsistency_prevented,3,2026-07-11T22:54:00,34
IMP000388,TAP000870,phi_column_classification,tactical,2026-07,rework_avoided,2,2026-07-08T09:54:00,34
IMP000389,TAP000871,phi_column_classification,tactical,2026-07,rework_avoided,3,2026-07-24T05:17:00,34
IMP000390,TAP000873,phi_column_classification,tactical,2026-07,rework_avoided,5,2026-07-07T22:16:00,34
IMP000391,TAP000875,phi_column_classification,tactical,2026-07,rework_avoided,3,2026-07-15T01:34:00,34
IMP000392,TAP000877,phi_column_classification,tactical,2026-07,inconsistency_prevented,6,2026-07-08T10:50:00,34
IMP000393,TAP000879,phi_column_classification,tactical,2026-07,inconsistency_prevented,6,2026-07-18T09:18:00,34
IMP000394,TAP000880,phi_column_classification,tactical,2026-07,rework_avoided,3,2026-07-24T14:57:00,34
IMP000395,TAP000891,phi_column_classification,tactical,2026-07,rework_avoided,3,2026-07-17T21:53:00,34
IMP000396,TAP000896,phi_column_classification,tactical,2026-07,inconsistency_prevented,5,2026-07-29T12:54:00,34
IMP000397,TAP000897,phi_column_classification,tactical,2026-07,rework_avoided,3,2026-07-04T03:05:00,34
IMP000398,TAP000899,phi_column_classification,tactical,2026-07,rework_avoided,2,2026-07-21T23:31:00,34
IMP000399,TAP000902,phi_column_classification,tactical,2026-07,rework_avoided,2,2026-07-15T08:51:00,34
IMP000400,TAP000903,phi_column_classification,tactical,2026-07,downstream_models_corrected,2,2026-07-11T15:24:00,34
IMP000401,TAP000904,phi_column_classification,tactical,2026-07,rework_avoided,1,2026-07-25T21:13:00,34
IMP000402,TAP000908,phi_column_classification,tactical,2026-07,rework_avoided,1,2026-07-11T22:21:00,34
IMP000403,TAP000910,phi_column_classification,tactical,2026-07,rework_avoided,1,2026-07-31T05:40:00,34
IMP000404,TAP000912,phi_column_classification,tactical,2026-07,inconsistency_prevented,3,2026-07-15T14:31:00,34
IMP000405,TAP000914,phi_column_classification,tactical,2026-07,rework_avoided,1,2026-07-16T20:10:00,34
IMP000406,TAP000916,phi_column_classification,tactical,2026-07,rework_avoided,6,2026-07-13T18:04:00,34
IMP000407,TAP000917,phi_column_classification,tactical,2026-07,downstream_models_corrected,1,2026-07-15T09:34:00,34
IMP000408,TAP000918,phi_column_classification,tactical,2026-07,rework_avoided,4,2026-07-20T12:42:00,34
IMP000409,TAP000920,phi_column_classification,tactical,2026-07,rework_avoided,3,2026-07-04T01:09:00,34
IMP000410,TAP000922,phi_column_classification,tactical,2026-07,rework_avoided,3,2026-07-02T11:43:00,34
IMP000411,TAP000923,phi_column_classification,tactical,2026-07,rework_avoided,1,2026-07-28T20:19:00,34
IMP000412,TAP000925,phi_column_classification,tactical,2026-07,rework_avoided,1,2026-07-09T03:06:00,34
IMP000413,TAP000927,phi_column_classification,tactical,2026-07,rework_avoided,3,2026-07-27T14:30:00,34
IMP000414,TAP000928,phi_column_classification,tactical,2026-07,inconsistency_prevented,4,2026-07-13T00:09:00,34
IMP000415,TAP000930,phi_column_classification,tactical,2026-07,rework_avoided,5,2026-07-02T23:31:00,34
IMP000416,TAP000934,phi_column_classification,tactical,2026-07,inconsistency_prevented,4,2026-07-31T08:35:00,34
IMP000417,TAP000936,phi_column_classification,tactical,2026-07,rework_avoided,1,2026-07-13T16:56:00,34
IMP000418,TAP000937,phi_column_classification,tactical,2026-07,rework_avoided,5,2026-07-25T19:08:00,34
IMP000419,TAP000940,phi_column_classification,tactical,2026-07,rework_avoided,1,2026-07-02T20:52:00,34
IMP000420,TAP000943,phi_column_classification,tactical,2026-07,rework_avoided,4,2026-07-18T10:04:00,34
IMP000421,TAP000944,phi_column_classification,tactical,2026-07,rework_avoided,3,2026-07-03T00:46:00,34
IMP000422,TAP000947,phi_column_classification,tactical,2026-07,rework_avoided,3,2026-07-16T05:56:00,34
IMP000423,TAP000950,phi_column_classification,tactical,2026-07,rework_avoided,2,2026-07-17T15:51:00,34
IMP000424,TAP000951,phi_column_classification,tactical,2026-07,rework_avoided,5,2026-07-28T16:08:00,34
IMP000425,TAP000955,phi_column_classification,tactical,2026-07,inconsistency_prevented,5,2026-07-15T15:21:00,34
IMP000426,TAP000960,phi_column_classification,tactical,2026-07,rework_avoided,5,2026-07-09T21:32:00,34
IMP000427,TAP000963,phi_column_classification,tactical,2026-07,inconsistency_prevented,1,2026-07-09T00:36:00,34
IMP000428,TAP000966,phi_column_classification,tactical,2026-07,rework_avoided,3,2026-07-11T20:41:00,34
IMP000429,TAP000967,phi_column_classification,tactical,2026-07,inconsistency_prevented,4,2026-07-17T01:59:00,34
IMP000430,TAP000968,phi_column_classification,tactical,2026-07,inconsistency_prevented,2,2026-07-20T19:03:00,34
IMP000431,TAP000974,phi_column_classification,tactical,2026-07,rework_avoided,3,2026-07-27T08:31:00,34
IMP000432,TAP000976,phi_column_classification,tactical,2026-07,inconsistency_prevented,1,2026-07-18T00:08:00,34
IMP000433,TAP000981,phi_column_classification,tactical,2026-07,rework_avoided,4,2026-07-10T21:17:00,34
IMP000434,TAP000982,phi_column_classification,tactical,2026-07,rework_avoided,6,2026-07-19T14:23:00,34
IMP000435,TAP000984,phi_column_classification,tactical,2026-07,rework_avoided,5,2026-07-23T15:32:00,34
IMP000436,TAP000985,phi_column_classification,tactical,2026-07,inconsistency_prevented,1,2026-07-08T06:53:00,34
IMP000437,TAP000986,revenue_definition_change,strategic,2026-07,inconsistency_prevented,1,2026-07-10T13:13:00,390
IMP000438,TAP000987,revenue_definition_change,strategic,2026-07,inconsistency_prevented,6,2026-07-14T05:43:00,390
IMP000439,TAP000988,revenue_definition_change,strategic,2026-07,inconsistency_prevented,25,2026-07-09T14:20:00,390
IMP000440,TAP000989,revenue_definition_change,strategic,2026-07,downstream_models_corrected,11,2026-07-15T06:28:00,390
IMP000441,TAP000990,revenue_definition_change,strategic,2026-07,inconsistency_prevented,1,2026-07-25T05:06:00,390
IMP000442,TAP000991,revenue_definition_change,strategic,2026-07,incident_avoided,2,2026-07-15T01:22:00,390
IMP000443,TAP000995,source_freshness_ownership,tactical,2026-07,inconsistency_prevented,3,2026-08-01T02:32:00,48
IMP000444,TAP000996,source_freshness_ownership,tactical,2026-07,rework_avoided,1,2026-07-30T03:16:00,48
IMP000445,TAP000999,metric_deprecation,strategic,2026-07,inconsistency_prevented,4,2026-07-17T06:28:00,95
IMP000446,TAP001000,metric_deprecation,strategic,2026-07,downstream_models_corrected,1,2026-07-23T17:21:00,95
IMP000447,TAP001001,metric_deprecation,strategic,2026-07,downstream_models_corrected,4,2026-07-27T23:36:00,95
IMP000448,TAP001002,metric_deprecation,strategic,2026-07,inconsistency_prevented,2,2026-07-21T06:49:00,95
IMP000449,TAP001003,denial_reason_classification,tactical,2026-08,rework_avoided,2,2026-08-02T17:39:00,14
IMP000450,TAP001005,phi_column_classification,tactical,2026-08,rework_avoided,2,2026-08-04T08:39:00,34
IMP000451,TAP001006,phi_column_classification,tactical,2026-08,rework_avoided,1,2026-08-04T13:44:00,34
IMP000452,TAP001007,phi_column_classification,tactical,2026-08,rework_avoided,1,2026-08-04T19:50:00,34
IMP000453,TAP001010,phi_column_classification,tactical,2026-08,rework_avoided,1,2026-08-03T02:08:00,34
IMP000454,TAP001013,phi_column_classification,tactical,2026-08,inconsistency_prevented,4,2026-08-04T14:30:00,34
IMP000455,TAP001014,phi_column_classification,tactical,2026-08,rework_avoided,1,2026-08-04T15:07:00,34
IMP000456,TAP001016,phi_column_classification,tactical,2026-08,rework_avoided,6,2026-08-04T04:07:00,34
IMP000457,TAP001017,phi_column_classification,tactical,2026-08,rework_avoided,3,2026-08-02T15:33:00,34
IMP000458,TAP001018,phi_column_classification,tactical,2026-08,rework_avoided,1,2026-08-03T04:56:00,34
IMP000459,TAP001019,phi_column_classification,tactical,2026-08,downstream_models_corrected,1,2026-08-01T15:15:00,34
IMP000460,TAP001021,phi_column_classification,tactical,2026-08,rework_avoided,1,2026-08-03T22:13:00,34
IMP000461,TAP001022,phi_column_classification,tactical,2026-08,rework_avoided,1,2026-08-04T15:13:00,34
IMP000462,TAP001024,phi_column_classification,tactical,2026-08,inconsistency_prevented,2,2026-08-02T21:40:00,34
IMP000463,TAP001029,metric_deprecation,strategic,2026-08,downstream_models_corrected,1,2026-08-03T04:08:00,95
